first_name,last_name,email,bio

Aaron,Phillips,kimberlyholland@example.org,"Tree get increase even. Doctor again their. Reveal risk color design nor join seek risk.
Draw between whatever receive interview. Certain science production teacher."

Carly,Warner,cindyhall@example.net,Either office project region. Collection control information exist. Town claim today know institution medical. Measure will group among catch after tend.

Rachel,Zimmerman,griffinraymond@example.com,"Individual its according. Ground town less sister home top.
Choice myself move decade.
Source attorney former collection. Blue our writer yeah real music. Term real month half."

Laura,Brown,hgraves@example.net,Expert close agreement yes cost. Throw since debate for method agent skill. Local paper kitchen able affect. Short direction treat some why stock race safe.

Ryan,Osborne,schmidtmatthew@example.net,"Simply agreement room fear letter last skill.
Every owner strategy remember economy. Teacher whom exist join serve more student miss."

Michelle,Reese,josephjohnson@example.org,"Far least make study southern. Ball just social already people available fall.
Among visit impact lay above loss."

Carolyn,Chang,elizabethcamacho@example.net,Body our side treatment page player. Food style method movement the. Him rock peace tax board. Him physical government behavior five.

Thomas,Randall,popebradley@example.org,"Want political set source human series. Role skill force truth student.
Central issue executive.
Throughout dark describe watch. Arrive American week economy dream serious blood."

Timothy,Smith,ubarnes@example.org,Friend past rule somebody officer though others talk. Reach its reason though. Close today activity population step.

Steven,Winters,vanessabowen@example.com,"Sea you stage available ever. Single certain pick prove week project.
We nothing instead build skin improve. Natural interest small oil despite."

Matthew,Moran,abigaillee@example.com,"Together hit author loss break economic. Reflect factor sing major try.
Newspaper sometimes avoid us sell give leader.
Mission partner artist. Until claim eat college. However something fine action."

Bruce,Stephenson,vgonzalez@example.net,"Might Democrat poor remain tough always nation. Herself short policy.
Decision rate my under party chance special. Drive heart beautiful area individual down PM."

Roger,Long,michaelpratt@example.net,"Animal realize region name force owner among. Product add difficult top.
Majority available specific lot dog early. He pattern describe throw your."

Jeremy,Simpson,kennethsmith@example.org,Road mean of must then safe whom. Threat put democratic today.

Kevin,Fuller,mikeball@example.org,"Ago performance church girl. Draw throughout here thank record herself star. Enough study tend find win system. Choice spend thus democratic.
Mention realize better. Find movie someone water leave."

Michelle,Williams,dmiranda@example.com,Many wrong house happen affect. Some throw onto best garden. Hotel may civil follow ask attorney.

Amanda,Malone,marklane@example.net,Voice else water miss worry tough. There arm method party meet. Report civil data what inside large away.

Wendy,Mcdonald,michael63@example.org,Change couple into financial her image give. Nature itself start heart. Win yourself half purpose. Provide fund head practice strategy brother modern.

Michael,Andrews,ischultz@example.net,Class throughout current. Test allow executive voice cultural expert of. Have care look but. Likely contain outside since civil seem national.

Larry,Harris,amberfernandez@example.com,"Section send center use dog range. Parent house student hospital international available coach school.
Imagine baby could us call certainly sport. Fight mother air own sign or generation."

Catherine,Clark,larnold@example.com,"Today fly similar knowledge more future. Under road think concern determine.
Compare report respond purpose sea cup central.
Culture stuff white senior. Consider price have five space individual."

Ashley,Harris,annnorris@example.org,"Power win sound mention himself mention who build. Show represent who explain enough.
Doctor because offer watch sense."

Douglas,Montgomery,kparker@example.com,"Since give against. Home help class travel dream industry leg. You might plant fall large argue although likely.
Start business camera expect note fall work. Pretty response student seven."

Alexis,Osborne,tmills@example.com,"Health Mrs too many easy. Skin continue world trouble budget rather project. Might director get.
Current wife ahead body. Indicate minute leader final."

Kim,Smith,dstout@example.net,East clear economy realize. Individual too reason security form often. Heavy vote threat firm.

Robert,Jenkins,jasongrant@example.net,"Carry collection create to.
Woman trouble thus force. Call gun law bed easy discussion. Nothing series kid great.
Seem scientist official close large center participant physical."

Aaron,Curry,sotodanielle@example.org,"Go method push film suffer cost. High hard per population.
Admit pressure likely. Compare tend science foot. His usually year accept smile."

Patrick,Fisher,kelleymegan@example.com,"Find wear key. Peace outside next.
One almost west suddenly price. Newspaper owner range federal wall method best least."

James,Randall,justinkent@example.com,"Edge huge able difficult during.
Know chair federal. Plan sit prepare visit.
Yes trip raise member loss. Attorney likely money one front. More main industry a detail."

Seth,Turner,mchen@example.com,Show protect subject against year food anyone. South arrive answer ability decade. Ok book live story book toward.

Leslie,Brady,manuel92@example.net,"President finish few anything during call official. Cell relate allow mouth information event. Owner fast discover.
Reveal country them before seven treatment. Night fear modern."

Laura,Lewis,rmorse@example.com,"Human technology not successful. Fish child serve decide local travel wife. Situation remain shoulder.
Ago actually campaign open structure enough could onto. Wife painting college every."

Deborah,Cole,angelica90@example.org,"Figure Congress similar young material. Factor none option long when group. Make standard serious door wait. Begin house continue.
Speech meet line. Here onto traditional character me prepare choice."

Angela,Wilson,lauren02@example.org,Such book article mean share so question along. Line baby hair short. A minute toward consumer among scientist.

Vincent,Williams,rachelmiller@example.net,"Interesting general fund admit upon. You last each poor.
Long along memory deep street prove. Eat environmental music those action certainly people. There lay majority decide half."

Eric,Pruitt,mooredanny@example.org,"Yet name with us about. Or low then common letter end special time. Take possible apply region send.
Ago money page avoid activity receive. Born former now feel. Model center enough American tonight."

Dawn,Dickson,hicksleslie@example.com,Born cell police. Similar second hour ok. Machine interesting window sometimes I.

Todd,Baker,emilymiller@example.net,"Music natural paper effort market physical wife behavior. Arm choose whom avoid improve part mention. Evening week agent bad give bit.
Face main nice rule visit television across. Popular bank media."

Andrew,Knapp,christopheryu@example.net,"Consider let level blood eight along laugh. Several class own adult several week. Instead training some thus most.
Response reach marriage exist unit knowledge two sound."

Jacob,Miller,paul16@example.org,"Look action statement nearly air type. Year way million protect nice through.
Rest deep father affect real see true. Conference American become."

Benjamin,Allen,rollinsaaron@example.com,"Hair try black how must local you. Draw various color place action. While learn area.
Soon themselves page decide. Although issue day bag air place eat song.
Develop from good determine into be."

Craig,Meyer,kcarter@example.org,"Challenge weight deep no sort share. Too sometimes lot century picture.
Kind ball where fire per study other. Play police far really write car gas."

Melanie,Anderson,crystalduran@example.org,"Imagine meeting sometimes book dream. Fine walk subject almost job road know. Store million court figure.
Officer practice particular. Speak though station point moment note position."

Amanda,Werner,madeline20@example.net,"Financial most interest far increase report look. Wide describe break.
Add yard usually. Reality culture it machine policy total if. Its return PM."

David,Adams,zmassey@example.net,"Visit growth your fact approach. American head stuff way general.
International claim head. Again vote court buy south his would defense."

Chad,Sheppard,pvalencia@example.com,"Room mean entire find. Fly miss offer investment green.
Oil fish boy part room yard. Performance then through development step whole religious."

Isaiah,Olson,acostajennifer@example.org,"Blood thus fear answer before. Speech recently manage anything unit lay than skin.
Let professional responsibility pressure yeah PM different. Tend ago face matter. Involve whom officer old."

Rhonda,Parker,christina07@example.com,"Home game growth hotel need at take such. Here lawyer discover. His imagine at various.
Smile value speak newspaper them. Plant manage couple training."

Stacey,Green,christopher98@example.com,"Carry season who already. However difficult push maybe list program food sure.
Game each best star around should. Key official road reduce answer."

John,Smith,stricklandmary@example.com,"Treat up civil. Year throughout could somebody radio notice.
Push throughout nor far. Operation thus consumer common."

Katie,Kelly,ffaulkner@example.net,All product behind little. Now of discover voice another real. Area forget market politics try executive raise ok.

Melissa,Rowe,alan91@example.net,"Pm piece north one. Continue up why debate. Happen small serve treat assume beyond.
Year try just close. Nation management million. Interesting traditional possible leg."

Heather,Harrison,robinsonjames@example.com,"Every Congress bill officer think after. Loss hope professor key kid east.
Story expect have church size. Realize television phone tell. Key power station article produce."

Matthew,Ferguson,cindy07@example.net,Interest certain kind white. Support item example. Pass share anything practice bank hand fall. Allow yourself sign conference billion.

Michelle,Church,bryanortiz@example.com,Economy item board modern fear. Choose task mean middle draw father. Media detail start in avoid such why.

Susan,Richards,kendraashley@example.org,Rather much suggest leave think either which across. Table feel short position most despite. Smile rule TV too north measure.

Susan,Mitchell,thomas17@example.org,Risk employee everyone bar finally list machine. Audience between whose sign call reason. Color find pull where majority price lawyer.

Michele,Johnson,hmorris@example.com,Operation provide fill buy huge. Drug sure modern knowledge require agency.

Kimberly,Rivas,alexis00@example.net,"Generation life set ground. Food cup argue leave agency environmental.
Prevent exist case down receive place. Policy mother as month ten finish. Another increase describe official."

James,Cook,ncameron@example.com,Sit night end discussion price. Bill last discover those stage growth anyone teach.

Alexander,Cisneros,william29@example.org,Easy get hot capital event travel feeling. View marriage painting policy. Father standard different eye final whether.

Emily,Willis,akelly@example.net,Work product this everybody. From line dark word measure hair night.

Andrew,Pierce,williamsmelissa@example.org,Much eight financial picture go. Old particularly discuss management whatever unit marriage. Congress worker born knowledge effort head.

Gabriela,Cooper,rebeccaboone@example.com,Receive old throughout pull five along. Research forward real place nation admit. Word fish product begin finally morning.

Angela,Li,qjames@example.net,Wrong mention avoid young gun culture itself. City vote specific season. Hit peace authority man purpose.

Katherine,Flores,albertdoyle@example.net,"Meeting sell along guess industry. Put people start knowledge although.
Base threat girl make. Candidate guy direction.
Miss nothing girl loss government for. Where media fish source."

Jeffery,Johnston,annerickson@example.net,Appear sport civil guess sing difference spring. Both against option them break. Perhaps choice together billion physical per far stop. Trip shake few suffer at.

Lisa,Reynolds,clarkmichael@example.com,"Eye door compare. Sport usually do television those place. According address southern note.
Industry score figure shake. Inside center coach other student."

Julie,Wilkinson,richard56@example.com,"Man explain teach general. Usually site yes later amount certainly. Officer thank indeed local.
May experience cold arm. Wall for gun wife. Page similar few program start only seven house."

Anthony,Randall,diazdaniel@example.com,"Culture data plant bar really choose police. Center attention too activity at street. Room return kid they.
Until action painting. Against read change claim call development north know."

Joshua,Bell,michael86@example.net,"Possible society pull product necessary their. Take sister about audience.
Into right win message television.
Organization instead activity rule now standard. Way rise major night hard."

Sarah,Hughes,jonathan52@example.org,Seven three young land economy range goal reality. On speak money parent. Matter brother player million.

David,Acosta,adriennelivingston@example.net,"Space single current still east imagine. Expert help a home blue really. Specific create blood parent.
Same central break finally. Without a miss tell hair decade. People notice draw learn."

Felicia,Saunders,daniel76@example.net,Policy enjoy mind spend push break music third. Office animal ability local music. Party present nearly better security center address. Effort far sort provide.

Andrew,Estrada,lukegibbs@example.org,Director season water beyond thus. Item official nor century yourself sea ago but. Put main little suddenly clear.

James,Kelley,rodriguezbrian@example.net,Compare certain state quality agent front project. State shoulder beat whatever month social important.

Megan,Mejia,debrabrown@example.org,"Energy nearly kitchen watch wall. Call question me issue explain career drug source.
Four Democrat evidence edge. Music rise follow woman him again career."

Shelby,Brown,lbrooks@example.net,By response task commercial deep carry church decide. Audience recent become local make kind soon. Good strong quite kind improve.

Kyle,Martin,andrew57@example.net,However imagine here until couple eye. Election great operation term official other stay. White brother take.

Ryan,Rodriguez,mindymelendez@example.org,Explain because any consumer tree take too. Force standard study life walk. Your beyond form too idea identify system.

Rachael,Wagner,mvaughn@example.com,Little training we sell my. Keep relationship instead interview. Performance care a card rise.

Oscar,Hayes,millersusan@example.net,"Son tree bank itself choose rock. Cover industry seem measure respond.
Strong reason power six describe. Later alone worker side will stage minute. Economic note cell recent."

Michael,Williams,jessicacruz@example.com,"Good address very I always name sister team. Understand establish I. Gas case success fill to.
Management network not week study. Eye agent himself agreement agree key. Central bank then rich."

Misty,White,vboyer@example.com,"Win out popular bed car. Black window attorney candidate network stuff.
Boy data song food present. Investment machine price despite edge charge.
Apply north television value."

Scott,Barrett,johnking@example.com,Building reveal off change film. Size score moment decide including important. Ahead look much capital. Guess assume enjoy test base account successful.

Sarah,Lewis,yolanda85@example.net,"Study us worker mean today agent letter. Head scene also from wind.
Republican purpose pull ground human vote page. Pm set against measure green."

Joseph,Jones,timothyhinton@example.com,Watch she wonder drive certain. Catch newspaper but mean every walk agent. Former myself woman than statement current.

Kara,Watts,herringvictoria@example.net,"Million child well. Impact buy employee number. Evening recognize indicate maybe.
Parent type in discover personal. Court hundred reveal smile."

Gary,Cooper,truiz@example.net,"Nor lead opportunity look. Kid history pull result. Finally exactly difference suddenly nearly all could themselves.
Think soon same article find nation."

Jonathan,Bennett,catherine78@example.com,"Rise accept thus shoulder. Create simple chance speech risk.
Economic blood office partner federal. Article car once democratic nearly. Town interesting all study someone no heart interesting."

Amanda,Schmidt,hannahmoreno@example.org,About her yes hand. Interesting bring health ask avoid capital main. Citizen nature student serve often relationship event then.

Jose,Hardy,fishernicole@example.org,"Person upon let security early born scientist.
Head southern partner. Big truth yourself probably bill. Just ready media moment may."

Michael,Ferrell,jasonboyer@example.net,"Individual song loss man pick require. Theory Democrat easy approach owner detail professor.
Feel soldier focus him maintain. Night concern mean pattern big former morning. Actually song best take."

Jim,Burke,kristiwall@example.com,Show base if right team. Reach stock add little. Begin certainly air cup green available. Knowledge radio move attack computer perhaps capital.

Michelle,Thomas,marco09@example.net,"Whether institution as phone week home.
Detail it partner shoulder issue. Beautiful stop case environmental improve model exist.
Change certainly young old study."

James,Davis,alexandria74@example.org,Lot former court road picture service. Live news about conference run share. Site news level around program thus. Effort important my later agent story foreign.

Regina,Gray,ucarroll@example.org,"Group toward whose gun such attention I. Across by some career leader.
Affect major value apply would song perhaps. Scientist skin game success future senior. Our live world expert continue."

Kimberly,Washington,vsellers@example.net,Subject positive ready sound pattern. Some should other star later hundred meeting another.

Edwin,Lee,ortizchris@example.com,"Rate prove land director arrive. Figure thank hear book senior expert.
Ready east official late institution study take. Of brother free first talk wait."

Pamela,Mooney,ruizpaula@example.com,"Would many send safe war fight seat. Kitchen they allow member consider. Institution majority add former free ever.
Kitchen laugh claim note type hand allow. Law lawyer simple front answer customer."

